gene,mesh
let-7a-2-3p,"Injection,/metabolism"
let-7a-2-3p,Holometabola
let-7a-2-3p,Meliaceae/pharmacokinetics
Gm29313,Bromthymol/ethics
Gm29313,Standard/isolation
Gm29313,Schistosomatidae/drug
SUMF2,Platelet-Derived/isolation
SUMF2,Isothiuronium/drug
BC042761,Alkaline/antagonists
Gm16106,Bryostatins
Gm16106,Enslavement
Gm11748,Myasthenia/urine
Gm11748,Mitotic/diet
Olfr1105,Spastin
Olfr1105,Ethyldimethylaminopropyl
Olfr1105,Disulfides
NCAPD3,RNA-Directed/physiopathology
CSMD2,Crotalid/economics
JSRP1,Gynecology
Gm15807,Methylergonovine
Gm15807,Microsomes/isolation
Gm15807,Tenon/metabolism
Gm37172,Coenzymes/therapeutic
Gm37172,Periostin
Gm37172,Caulobacteraceae
RUSC1,Fidaxomicin/microbiology
SLA,Lymphatic/genetics
SLA,Word
SLA,Spastin
Gm28880,Meteoroids
Gm47125,Efficiency/virology
Gm47125,Anomalous/adverse
ZNF354C,Mydriasis/biosynthesis
ZNF354C,Tubocurarine/classification
miR-6715b-3p,Biocatalysis
GRIK1-AS1,Multilingualism/immunology
Gm38111,Lagerstroemia
Gm38111,Myasthenia/urine
OCM2,Fistula/embryology
OCM2,Anthralin
OCM2,Ureteroscopes
Gm2888,Orthomolecular/cerebrospinal
Gm2888,Children's
Gm11466,Capecitabine/cerebrospinal
Gm11466,Myasthenia/urine
Gm11466,Postal
Olfr1279,Peritonsillar
Olfr1279,Perfectionism
Gm38029,Dourine
TTC27,HMGA1c
OPA3,Monaco/cerebrospinal
OPA3,Picobirnavirus/pathology
OPA3,Amdinocillin
Gm8357,Backtracking/cerebrospinal
Gm8357,Beauveria/legislation
Gm8344,Pulse/radiation
Gm8344,Diphtheria-Tetanus/history
MIR3913-1,Seaweed
MIR3913-1,Oxyfedrine/pharmacokinetics
MIR3913-1,Thioglycosides/statistics
CCDC83,Ataxia
ANKRD65-AS1,Nucleosides
Gm45322,Paralysis/supply
FUT6,Georgia/analogs
FUT6,Paraplegia
FUT6,Biobehavioral
Gm12489,Nostrums/prevention
Gm12489,Pouteria/standards
Gm12489,"Wings,/methods"
BEST2,Bruch/organization
BEST2,Comparative/antagonists
BEST2,Glutamyl/chemistry
S1PR3,Incunabula
S1PR3,Stroboscopy
SV2C,Osmotic/physiopathology
SV2C,Dinoprostone
SV2C,4-Aminopyridine/agonists
MIR3181,alpha-Amylases
MIR3181,Sympathoadrenal
2810433D01Rik,Vibrissae/cerebrospinal
LINC02036,Horner/radiotherapy
LINC02036,Stupor/deficiency
RPL23AP41,Trinidad/cerebrospinal
LYAR,Anticonvulsants/therapy
LYAR,Azabicyclo/congenital
LYAR,Arabinofuranosylcytosine
GREP1,rab2
LINC02422,Exploratory/legislation
LINC02422,Cdc20/pathogenicity
LINC02422,Decompression/cytology
Gm27193,Viral/virology
Gm27193,Hendra
Gm27193,Nafcillin/anatomy
RBX1P1,Belladonna/secondary
RBX1P1,Ailanthus
ACTC1,Luteolytic
ACTC1,Leukocytes
GPR25,Enhanced/methods
GPR25,Pirinitramide
GPR25,Cafe-au-Lait/economics
CALCB,Lipectomy
CALCB,Schlemm's/administration
Gm49130,Fursultiamin/complications
Gm49130,Scoliosis
PRAMEF32P,Happiness/administration
Gm45350,Conductometry/poisoning
Gm45350,Bence/antagonists
Gm45350,Triptorelin/blood
Gm2128,Informatics
Gm2128,Azabicyclo/congenital
MARK2P17,Scanning
Gm10566,Mars
Vmn2r20,Anthralin
Vmn2r20,Defensive/enzymology
Vmn2r20,Berberis
RNU6-1152P,4-Aminopyridine/agonists
RNU6-1152P,Pandanaceae/veterinary
Gm44882,Commotio/ethics
Gm7217,Carbamyl/drug
Gm7217,4-Aminopyridine/agonists
LINC01209,Ticlopidine/immunology
LINC01209,Astacoidea
LINC01209,Pancuronium
BMP6P1,Aztreonam/embryology
BMP6P1,Retinol-Binding/isolation
BMP6P1,Trinidad/cerebrospinal
Gm26879,Thebaine/therapy
Gm26879,Chloromercurinitrophenols/etiology
Gm26879,Dystrophin-Associated
SNORA41B,Nucleosides
SNORA41B,Smart
Gm29005,Facilities
Gm29005,Neuroleptanalgesia
Gm37979,Workflow
Gm37979,Porcupines/congenital
SPACA3,Mediterranea
PDE4DIPP10,Confidence/history
PDE4DIPP10,Cyclooctanes/trends
RPL7AP20,Laparoscopes
RPL7AP20,War-Related/therapy
TMEM229B,Intra-Aortic
TMEM229B,Aleurites
TMEM229B,Precipitating/drug
CORO6,Astacoidea
Gm49960,Retinol-Binding/isolation
Trbj2-3,Trichoderma
TRE-TTC3-1,Follicle
TRE-TTC3-1,War-Related/therapy
TRE-TTC3-1,Valosin
TSPEAR,Antibody/cytology
TSPEAR,Gardnerella/drug
RPL23P11,Hydroxybenzoates/embryology
Gm24977,Horner/radiotherapy
Gm24977,"Hyperthyroxinemia,/poisoning"
RPS3AP33,Coumaphos/ethnology
Gm29524,Parkinsonian
Gm29524,Videodisc/therapy
Gm29524,Clusia/transplantation
Gm47616,Balsaminaceae
Gm47616,Laminopathies/rehabilitation
Gm47616,Infradian/congenital
COL17A1,Mole
COL17A1,"2,4-Dichlorophenoxyacetic/mortality"
CCDC27,19-Iodocholesterol/embryology
CCDC27,Lumbosacral
CCDC27,Culdoscopy/epidemiology
miR-495-3p,Sigmodontinae/pharmacokinetics
miR-495-3p,Neuroaxonal
miR-495-3p,Spirulina/parasitology
LINC01017,Clavicle
LINC01017,Pheophytins/education
SHROOM4,Affective/history
SHROOM4,Beclin-1
SHROOM4,Mathematics
Gm30454,Urea
Gm30454,Aleurites
Gm30454,Lawyers/instrumentation
miR-370-5p,19-Iodocholesterol/enzymology
Gm36011,Polyribonucleotides/blood
Gm36011,Urolithiasis
Gm12403,Resource-Limited/blood
Gm37860,Methanobacteriales/pathology
Gm37860,Seafood
Olfr143,Parenchymal
Olfr143,Sympathoadrenal
Olfr143,Rheumatoid
Mir6340,Cyclopenthiazide/drug
Mir6340,Dourine
Mir6340,Biliary/injuries
Gm27153,Osmosis/pathogenicity
Gm27153,Ticlopidine/immunology
Gm27153,Bronchopulmonary/complications
TMPRSS3,Petrous
TMPRSS3,Meningioma/pharmacokinetics
Gm12728,"Leukokeratosis,"
1700027A07Rik,Sigmoidoscopy
1700027A07Rik,Calcifediol/chemistry
NRSN2,Rilmenidine/agonists
MOB4,Thrombopoietin/cytology
MOB4,Arecoline/cytology
MOB4,Device/anatomy
miR-26b-5p,S-Adenosylhomocysteine
NDUFB8P2,Ephemera
OXT,Recommended/therapy
OXT,Paralysis/supply
Gm18771,Astacoidea
Gm18771,Achyrocline/ethnology
ACOT2,alpha-Amylases
Gm12654,Immersion/ethnology
5430421F17Rik,Face/virology
5430421F17Rik,Mononuclear
5430421F17Rik,Syndactyly/supply
EZH1,"NADH,/metabolism"
EZH1,"Ossification,"
EZH1,Computer-Assisted/standards
Gm37724,Vinorelbine/injuries
Gm37724,Ambient/administration
Gm37724,Violence/metabolism
OSBPL9P4,Spinocerebellar/therapeutic
RNA5SP430,Cryopyrin-Associated/methods
Vmn1r21,Rahnella
Vmn1r21,Enzyme-Linked
Vmn1r21,Periaqueductal
NSUN6,Death
HDC,Risedronic/psychology
Vmn1r13,Superfetation/toxicity
Vmn1r13,Euplotes
Vmn1r13,Prodigiosin/instrumentation
Gm3809,Comparative/antagonists
Gm3809,Leisure
SLC10A4,Pimelic
SLC10A4,Dinucleoside/chemical
SLC10A4,Pulse/radiation
Gm24887,Anodonta/agonists
Gm24887,Mianserin/isolation
Gm49638,Cdc20/pathogenicity
Gm49499,Mononuclear
Gm49499,Rotifera
Gm34388,Ecdysterone/classification
Gm34388,Benzopyrans
Gm34388,Helix-Loop-Helix
Gm14509,Chloromercurinitrophenols/cytology
Gm14509,B7/organization
Gm14509,Amblyopia/ethics
Gm15496,Spinothalamic/rehabilitation
Gm15496,Weed
LINC02515,Streptococcus/growth
Mir7072,Phagocyte/genetics
Gm11111,Mythology/metabolism
Gm11111,Penis
Gm45667,Control
TRH-GTG1-4,Chloralose
CHST12,Tendons
RPL10AP1,p-Aminohippuric
RPL10AP1,Ribulosephosphates/growth
FAM219B,Galactolipids
FAM219B,Epoprostenol/chemically
CD2AP-DT,Hypergravity
CD2AP-DT,Neuroleptanalgesia
UBE2V1P8,Rose/education
UBE2V1P8,Hypoglycemic
miR-644a,Postdoctoral
miR-644a,Mythology/metabolism
miR-644a,Pausinystalia/surgery
RNU6-237P,Anastomotic/prevention
Gm14660,Dibenzothiazepines
Gm14660,Disulfides
Gm29432,Infrared
TRV-CAC1-6,Tolterodine/parasitology
TRV-CAC1-6,Arctostaphylos/parasitology
TRV-CAC1-6,Breech/methods
TTBK1,Lisuride/blood
TTBK1,"Echocardiography,/diagnosis"
CXXC4,Epiphyses/ethnology
CXXC4,Sulfenic/organization
CXXC4,"Neurons,"
Gm50112,Multilingualism/immunology
Gm50112,Herbaspirillum
SNX18P3,Atomic
SNX18P3,Resource-Limited
SNX18P3,Eosinophil/psychology
Gm48975,Sesamoid/poisoning
Gm48975,Pansporablastina/injuries
Ighv10-1,Post-Exposure
Ighv10-1,Flucytosine
Ighv10-1,Rose/education
SERPINE2,Hematoporphyrin/genetics
miR-1229-5p,Orthomolecular/cerebrospinal
miR-1229-5p,"Electronics,/etiology"
miR-1229-5p,Quadricuspid/standards
CDH22,Axillary
CDH22,Tetrahydropapaveroline
RASGEF1A,Quarantine/adverse
Gm21344,Zebrafish/poisoning
Gm37944,Byssochlamys/organization
Mir6339,Saudi
Mir6339,Silencer/analogs
NPDC1,Ribonuclease/surgery
NPDC1,Anthralin
NPDC1,4-Chloro-7-nitrobenzofurazan/drug
NACAP5,Isoetharine
NACAP5,Nuphar
HAUS5-DT,Procarbazine/analogs
HAUS5-DT,Friends
HAUS5-DT,Alabama/virology
Nell1os,Photofluorography/metabolism
Gm43256,Scoliosis
Gm43256,Cystatins
MIR3180-3,Phlebography/abnormalities
MIR3180-3,Cystatins
MIR3180-3,"3,4-Dichloro-N-methyl-N-(2-(1-pyrrolidinyl)-cyclohexyl)-benzeneacetamide,"
USP9YP15,Cyclopenthiazide/drug
USP9YP15,Aprepitant/rehabilitation
RN7SL607P,Green/anatomy
NABP2,Antivenins/complications
NABP2,Oleavirus/analogs
TPTE2P3,Search/analogs
Traj17,Methanobacteriales/pathology
Gm7039,Coenzymes/therapeutic
TP53BP2,Resource-Limited
Gm36944,Valine
Gm10774,Campomelic
Gm10774,Dibenzoxazepines/instrumentation
Gm10774,Rahnella
Gm52999,Ribulose-Bisphosphate
Gm52999,Arenaviridae
RNA5SP322,HMGA1c
RNA5SP322,Colonic
RNA5SP322,Spirulina
Gm20127,Trazodone
RPS18P14,Trichostrongylosis/radiotherapy
UHRF2,Sigmodontinae/pharmacokinetics
OR7E155P,Guinea-Bissau
AKAP12,Resource-Limited
NT5C2,Decapodiformes
HLA-DPB2,Film/analogs
HLA-DPB2,Felty
HLA-DPB2,Autogenic/ethics
Ap2m1-ps,"Injection,/metabolism"
Ap2m1-ps,Breech/methods
RNA5SP184,Nuphar
RNA5SP184,19-Iodocholesterol/enzymology
RNA5SP184,Specific
Gm6993,Maternal
Gm6993,Hippo
Gm6993,"Skates,/veterinary"
Gm3213,Big/therapy
LNCRNA-IUR,Tyramine
LNCRNA-IUR,Jungian/biosynthesis
LNCRNA-IUR,Brugada
Gm29221,Specific
Gm29221,Iron-Sulfur/cerebrospinal
Gm29221,Acanthocheilonema
Naip3,Steatorrhea/diagnosis
Naip3,Isothiuronium/drug
TLR10,Nephroureterectomy/methods
4933409D19Rik,Nitroanisole
OTOL1,Cystatins
OTOL1,Decanoates/history
OTOL1,Violence/metabolism
2010001K21Rik,Spectrin
Snrp1c-ps2,Trans/veterinary
TRS-AGA6-1,Magnetics
TRS-AGA6-1,Selenium/history
TRS-AGA6-1,Gluconobacter/veterinary
ERVK9-9,Clostridioides/epidemiology
Gm23274,Positive-Strand
Gm23274,American/history
Gm23274,Trichostrongylosis/radiotherapy
Ighv1-60,Magnetics
Gm43060,"Uveitis,/economics"
Gm43060,Biosimilar
Gm43060,Dinucleoside/chemical
Gm32220,Mannosyl-Glycoprotein/statistics
Gm32220,Amblyopia/ethics
Gm32220,GABA/poisoning
ADGRB3,Dolutegravir/biosynthesis
Gm49453,Lagerstroemia
Gm49453,Anthralin
SOD2,Plakophilins/ethnology
SOD2,Spectrin
SOD2,p-Aminohippuric
Gm25884,Astacoidea
Gm25884,Auranofin/adverse
Gm25884,Fimbriae
4933421D24Rik,"Electronics,/etiology"
OR52J3,Cynanchum/economics
OR52J3,Radiologists
Gm28446,1-Propanol
Gm28446,Chad/cerebrospinal
RN7SKP121,Stupor/deficiency
NME5,Pilomatrixoma
NME5,Cyclooctanes/trends
Gm30541,Herbaspirillum
Gm30541,Acute-Phase/methods
Gm30541,Intra-Aortic
Gm19219,Relief
Gm19219,Catechol/radiotherapy
Gm19219,Penbutolol
4930568A12Rik,Adenofibroma
NAT1,Chloromercurinitrophenols/etiology
Gm20789,Munc18
TRIM29,Marmota/blood
TRIM29,Rose/education
Gm35419,Myasthenia/urine
Gm35419,Receptor/transmission
SLC4A9,Florigen/standards
SLC4A9,Fursultiamin/complications
RNA5SP288,Hemiptera
RNA5SP288,Ochrobactrum
RNA5SP288,Bezafibrate
RPS24P8,Phosphotungstic/metabolism
RPS24P8,Tertiary/agonists
TXNP6,alpha-Amylases
Gm44097,Antibody/cytology
Gm44097,Rinderpest
Gm44097,Peptidyl-Dipeptidase
OR10J4,Glycerides/therapeutic
Gm14839,Benzoate/classification
Gm14839,Oxyfedrine/pharmacokinetics
Gm43452,Ureteroscopes
Gm43452,Allophanate
Gm43452,Costameres
C630028M04Rik,Isothiuronium/drug
C630028M04Rik,Epididymitis/agonists
Gm7784,Split-Brain/adverse
Gm7784,Procarbazine/analogs
Gm41361,Pleasure/injuries
CASP3P1,Incunabula
CASP3P1,Helminthosporium/virology
CASP3P1,Enhanced/methods
CAPN1-AS1,Nocodazole
CAPN1-AS1,Disenfranchised/diet
2900018N21Rik,Tombusviridae/secondary
2900018N21Rik,Caulobacteraceae
2900018N21Rik,Pulse/radiation
Traj11,Dehydrocholesterols
Traj11,Aerosolized
SKP1P2,Polar
LSP1P3,Erwinia/classification
LSP1P3,Stroboscopy
LILRP2,Leukocytes
Gm45184,Photons/metabolism
Gm45184,Leukemia/cytology
Gm45222,Colic
TPSAB1,Deoxyadenine/parasitology
TPSAB1,Ribulose-Bisphosphate
TPSAB1,Archaea
miR-8075,Hydroxybenzoates/embryology
miR-548ba,S-Adenosylhomocysteine
Gm18557,Calcifediol/chemistry
Gm18557,Adenomyoepithelioma/blood
CSF2RA,"Dyskinesia,/congenital"
CSF2RA,Plakophilins/ethnology
UBE2S,Mytilus
UBE2S,Dehydrocholesterols
UBE2S,Galago/history
Gm26490,Isothiuronium/drug
Gm26490,Erwinia/classification
Gm26490,Rho/veterinary
Gm7386,Panicum/adverse
Gm7386,"Cholecystectomy,"
Gm7386,HLA-DRB1
Gm47788,Fertility
TRAV22,Azospirillum/enzymology
Mir7048,Archaea/ethics
Mir7048,Capecitabine/cerebrospinal
miR-592,Marsupialia
miR-592,Cultural
FRA6A,"Practice,"
FRA6A,Lisuride/blood
FRA6A,Leptospirosis/deficiency
THAP12P2,Azoospermia
THAP12P2,Tenon/metabolism
THAP12P2,Mytilus
IGHVII-1-1,Apoptotic
IGHVII-1-1,Hydroxyethyl
GCAWKR,Peritonsillar
GCAWKR,Friends
GCAWKR,Coenzymes/therapeutic
RNPC3,Post-Exposure
RNPC3,Ranavirus/classification
KCNH6,Pulse/radiation
KCNH6,Iodoacetates/secondary
KRT18P51,Alginates
KRT18P51,Heinz
H2ac11,Pressure
H2ac11,Happiness/administration
H2ac11,Laccase
ADGRG6,Sagittaria
ADGRG6,Eucommiaceae
ADGRG6,Hematoporphyrin/genetics
Mir295,Keratan
Mir295,Thebaine/therapy
Mir295,Cryptomeria/therapeutic
CDK7,Costameres
CDK7,Fishes/deficiency
CDK7,Bibliography
WBP1LP3,Travoprost/growth
LINC00702,Silencer/analogs
Gm21276,"Euthanasia,/therapy"
Gm21276,Chloralose
Gm21276,Tolterodine/parasitology
Gm37199,Rho/veterinary
Gm37199,Sterilization/transplantation
Skint5,"Crystallography,/pathogenicity"
C1QL1P1,Metallurgy/surgery
B430203G13Rik,Software/ethics
B430203G13Rik,Melkersson-Rosenthal
AQR,Oncologists
AQR,Colonic
AQR,Silage
Gm29155,Chemotactic/deficiency
Gm29155,Split-Brain/adverse
Gm29155,Butyrophenones/surgery
RNU6-1244P,"3,4-Dichloro-N-methyl-N-(2-(1-pyrrolidinyl)-cyclohexyl)-benzeneacetamide,"
RNU6-1244P,Software/ethics
SERPINA4,T-Phages
SERPINA4,Immersion/metabolism
PHBP11,Autosomal/ethnology
PHBP11,Mononuclear
TVP23BP2,Depersonalization/virology
TVP23BP2,Intercalating
TVP23BP2,Magnetics
RAB4A-AS1,Archaea
Gm15914,Xylariales
Gm15914,Contraceptive/embryology
Gm15914,Photofluorography/metabolism
Gm47141,Fungi
Gm47141,Relief
Gm7108,Arctostaphylos/parasitology
Gm7108,2019-nCoV/chemical
Gm15113,Operon
Gm38094,Stearates/instrumentation
Gm47633,Resource-Limited/blood
Gm47633,Antacids/legislation
Gm47633,Agnosia
miR-4258,Menu
miR-4258,Standard/isolation
MTND4P11,Polar
Gm3325,Computer-Assisted/standards
FAM222B,HLA-A3/anatomy
Ighv5-21,Modems/embryology
Ighv5-21,Infradian/congenital
Ighv5-21,Dextrorphan
RNA5SP312,Operon
RNA5SP312,Porcupines/congenital
PGM5P1,Personality/classification
PSIP1P1,Mytilus
ZSCAN4,TDP-43
ZSCAN4,Ochrobactrum
MIR103B2,HLA-DR7/enzymology
MIR103B2,Sulfenic/organization
MIR103B2,Diphtheria-Tetanus/history
Mcpt8,Cellobiose/physiopathology
Gm5305,Wheelchairs
Gm5305,Death
Gm5305,Fimbriae
Gm48443,Coral
Gm48443,Munc18
Gm38001,Cafe-au-Lait/economics
SP100,Rose/education
SP100,Cryptosporidium/parasitology
Gm27197,Terfenadine
miR-6505-5p,Cynanchum/economics
miR-6505-5p,Ganglion/secondary
RPS20P17,Clostridioides/epidemiology
RPS20P17,Prophages/standards
RPS20P17,Cactaceae
Gm15579,Adenoidectomy/transmission
Gm15579,Oncologists
LINC00954,Flexiviridae
LINC00954,Device/anatomy
LINC00954,Pressure
RNU6-708P,Perilipins/trends
RNU6-708P,Hematoporphyrin/genetics
RNU6-708P,Cricket
LINC01990,Absinthe/diagnostic
LINC01990,Bibliography
LINC01990,Alkanesulfonates
FAM8A3P,"Osteosarcoma,"
FAM8A3P,Ranavirus/classification
4930537H20Rik,Astacoidea
RNU6-155P,Urodynamics/biosynthesis
Gm20851,Fursultiamin/complications
TSSK6,Alkanesulfonates
SNORD30,"Cholecystectomy,"
ABCA6,Cytostatic/diagnosis
Mir5709,Petrous
Mir5709,Presenilins
SALL2,Helminthosporium/virology
SALL2,"Cholecystectomy,"
SALL2,Laminopathies/rehabilitation
MTND4P16,Rose/education
MTND4P16,Laparoscopes
Gm14733,Antirheumatic/chemical
Mlnr-ps,Brocresine
Mlnr-ps,Breech/methods
Mlnr-ps,Structure
MIR199B,Printing
MIR199B,Nimodipine
Gm43437,Pleasure/methods
KRTAP4-5,Cryptomeria/therapeutic
YBX3,"Bites,/administration"
SNORD13I,Photofluorography/metabolism
SNORD13I,Adverse/analogs
SNORD13I,Agnosia
FNBP1L,Electrocardiography
FNBP1L,Eledoisin/drug
FNBP1L,Education/diagnostic
TOP6BL,Trinitrobenzenes/chemical
TOP6BL,Paralysis/supply
RNU105C,Mercenaria/immunology
RNU105C,Pseudohypoparathyroidism/surgery
Gm47946,Astragalus
Gm47946,Recommended/therapy
LINC02093,Tenofovir
LINC02093,Diary
FRA5F,Gardnerella/drug
FRA5F,Standard/isolation
TIAM1,Guanfacine
TIAM1,Acanthocheilonema
Gm48253,"Ossification,"
Gm48253,Caulimovirus
Gm48988,Photofluorography/metabolism
Gm5468,Nestin/urine
Gm47786,Postgastrectomy/administration
GPR176,"Uveitis,/economics"
GPR176,Sulfisomidine
GPR176,Symbiont/economics
SRP9P1,Spinal/blood
SRP9P1,Pseudohypoparathyroidism/surgery
SRP9P1,Barotrauma/blood
Gm12701,Parkinsonian
Gm12701,Texas/biosynthesis
Gm12701,HLA-DR7/enzymology
LINC02386,Rinderpest
LINC02386,Post-Cardiac
Gm38245,Fidaxomicin/microbiology
Gm38245,Specific
Gm38245,Babesia/pathology
Gm47636,Laccase
CRNN,Comparative/antagonists
Gm43664,Pheromones
Gm43664,Anastomotic/prevention
Gm43033,Platyrrhini
LINC01873,Alcohols/veterinary
LINC01873,19-Iodocholesterol/embryology
LINC01873,Dysentery/metabolism
TRI-GAT1-2,Lagerstroemia
PPIEL,Gardnerella/drug
PPIEL,Marantaceae/nursing
Gm48753,Fungi
Gm48753,Dapsone
Gm45358,Axillary
Gm45358,"Wings,/methods"
Gm45358,Rhinophyma
miR-19b-2-5p,Pallidotomy
MIR433,Byssochlamys/organization
PGAP3,Oxyfedrine/pharmacokinetics
4732490B19Rik,Pirinitramide
4732490B19Rik,Hydroxybenzoates/embryology
miR-493-3p,Bromisovalum/economics
miR-493-3p,Benzocaine
miR-493-3p,Liquid-Liquid/therapeutic
Cmklr2,Checkpoint/psychology
Cmklr2,Xanthophylls/physiology
WNT16,Delivery
WNT16,Split-Brain/adverse
TRP-AGG2-2,Elapid/prevention
TRP-AGG2-2,Laccase
MT-TFL,HLA-A24/physiology
Svs4,Bibliography
Svs4,Deoxyadenine/parasitology
Svs4,Marantaceae/nursing
Gm43241,Astacoidea
Gm43241,Epiphyses/ethnology
CHD3,Cultural
RN7SKP225,Alkanesulfonates
Gm11221,Enzyme-Linked
Gm11221,Benzocaine
MIR3945HG,Petrous
MIR3945HG,Archamoebae
Gm47556,Metabolome
Gm47556,Neurodermatitis/drug
RPL10P4,HLA-A3/surgery
PRAMEF9,E2F/pharmacokinetics
PRAMEF9,Ross
PRAMEF9,Rhinophyma
EPM2A-DT,Dehydrocholesterols
Gm11723,Fixatives
2810471M01Rik,War-Related/therapy
NUDT12,Uveomeningoencephalitic
NUDT12,LIM-Homeodomain
RNA5-8S1,Indigenous/transmission
RNA5-8S1,Colic
ZNF213,Picobirnavirus/pathology
Gm28626,Desmidiales/genetics
miR-4448,Post-Cardiac
COQ3,Antirheumatic/chemical
COQ3,Dialysis
Gm50218,Face/virology
Gm28958,HLA-DR7/enzymology
Gm28958,Vitelliform/deficiency
ZNF789,Chloromercurinitrophenols/etiology
ZNF789,Cynanchum/economics
Gm49607,Enzyme-Linked
Gm49607,Jumonji/instrumentation
NAT8,beta-Aminoethyl/standards
NAT8,Fistula/embryology
RPL23AP29,Cantharidin/cerebrospinal
RPL23AP29,Bromthymol/ethics
Mir5622,Breech/methods
Mir5622,Acholeplasma
LINC02204,Sickness/therapy
Gm26262,T-Phages
Gm26262,Moles
LINC02453,HLA-A3/anatomy
LINC02453,Fiducial
Gm37193,Alcohols/veterinary
BCL2L10,tat
BCL2L10,Presenilins
BCL2L10,Amantadine/ethnology
H2AC18,Manufactured
H2AC18,Astacoidea
SAG,Ailanthus
NBPF19,Enterobactin/biosynthesis
NBEAP2,Lipectomy
MAGI1-AS1,Photofluorography/metabolism
MAGI1-AS1,"Crystallography,/pathogenicity"
Gm17737,Superfetation/toxicity
Gm17737,Colonic
Gm47054,Pilomatrixoma
Gm13148,Flufenamic
Gm13148,E2F/pharmacokinetics
SLC8A3,Anagallis/prevention
SLC8A3,Paraplegia
SLC8A3,Apyrase
Gm17233,Syndactyly/supply
Gm17233,Postdoctoral
OR4B1,Glycemic/history
Olfr1126,Tendons
Olfr1126,Atomic
4931428L18Rik,"Skates,/veterinary"
4931428L18Rik,Josamycin
4931428L18Rik,Aging
Gm11699,Fungi
Gm11699,Measles-Mumps-Rubella/therapy
IGBP1P3,Slovenia/therapeutic
IGBP1P3,Muscimol/complications
IGBP1P3,Mast-Cell/instrumentation
4930471E15Rik,Laparoscopes
LINC00184,Tendons
LINC00184,Cross-Cultural
LINC00184,Death
Ndufab1-ps,Dryopteris/drug
Ndufab1-ps,"2,4-Dichlorophenoxyacetic/mortality"
Ndufab1-ps,"Skates,/veterinary"
Gm37955,Paraplegia
MTND2P40,Panicum/adverse
MTND2P40,Dimensional
MTND2P40,Tombusviridae/secondary
Rpl26-ps2,"Nephrolithotomy,/ethics"
C22orf31,Software/ethics
C22orf31,Convection
Gm40331,Kashin-Beck/therapy
Gm40331,Levallorphan
LINC02459,Urolithiasis
PHF5FP,Oxyfedrine/pharmacokinetics
PHF5FP,Acute
Gm3239,Superfetation/toxicity
Gm3239,Anthralin
Gm3239,Astragalus
LINC01309,Chloramphenicol/congenital
LINC01309,Virome
Gm28325,Poliovirus/congenital
Gm28325,Photons/metabolism
RNU7-124P,Mole
RNU7-124P,Bibliography
RNU7-124P,Aprepitant/rehabilitation
MIR7855,Control
MIR7855,Urotensins/microbiology
Gm7566,Benzophenones
Gm7566,Low-Value/statistics
Gm7566,Seafood/enzymology
PPY,Gynecology
Gm3183,Hypoglycemic
Gm3183,Pansporablastina/injuries
Gm3183,Waardenburg/epidemiology
Gm21717,Ecdysterone/classification
OR8S1,Autophagy-Related/congenital
OR8S1,Diploidy
OR8S1,"Anthropology,/embryology"
Olfr1280,Vegetable/urine
Olfr1280,Tears
HM13-IT1,Diphenylamine/etiology
HM13-IT1,Pseudotumor/rehabilitation
Gm21876,Academies
Gm21876,S-Adenosylhomocysteine
Gm21876,Acute
Gm15182,Bezoars
Gm15182,Archaea/ethics
Gm37841,Anoctamin-1
Gm37841,Waardenburg/epidemiology
Gm37841,Grounded
Gm10752,Sesamoid/poisoning
Gm10752,Urticaceae/analysis
Gm30645,Clostridioides/epidemiology
Gm30645,Onychomycosis/adverse
Gm30645,Cyclooctanes/trends
Gm18183,Myoglobinuria
Gm18183,Dye
Gm18183,Chlorohydrins/pathogenicity
TRAV7,Hemoglobinometry
Gm47385,Dye
Gm47385,Lipomyces/embryology
Gm2976,Arecoline/cytology
Gm2976,Periaqueductal
Gm2976,Tirofiban/prevention
LINC01478,Graft/radiotherapy
LINC01478,Operon
miR-519e-5p,Xanthurenates/toxicity
miR-519e-5p,Sesamoid/poisoning
miR-519e-5p,"Wings,/methods"
Gm44580,Biocatalysis
Gm44580,Periodontitis/congenital
CYP11B2,Rhodobacter/ethics
CYP11B2,Ranavirus/classification
CYP11B2,Symbiont/economics
Olfr513,Schistosomatidae/drug
SNORD131,Tyramine
RN7SL596P,Graves/drug
RN7SL596P,Uridylate-Specific
CMIP,Galactolipids
CMIP,Glycerylphosphorylcholine/enzymology
Mir6904,Lymphatic/genetics
Mir6904,Racepinephrine
miR-8066,Affective/history
Gm39027,Eptifibatide/injuries
Gm38290,Plakophilins/ethnology
Gm13413,Priapism/abnormalities
Gm13413,Acetrizoic/analogs
Gm28665,Axenic/radiotherapy
Vmn2r39,Valine
Vmn2r39,Interrenal/cerebrospinal
Gm14994,Phagocyte/genetics
Gm8843,Dapsone
GSEC,Standard/isolation
GSEC,Pentanols/chemistry
GSEC,Defensive/enzymology
S100B,Diaphyses
S100B,Seafood
FBLN1,Dye
FBLN1,"Gonadotropins,/enzymology"
Gm47499,Seafood
KRT18P62,Methadone/history
KRT18P62,Urease/ethics
IGHVIII-25-1,Anuria
4930578I07Rik,Maternal
4930578I07Rik,"Crystallography,/pathogenicity"
4930578I07Rik,Coproporphyrinogen
MTND2P25,Lactobacillaceae
TRDD2,Formyltetrahydrofolates/enzymology
TRDD2,Hostility/standards
TRDD2,Cathelicidins
SGPP2,Porcupines/congenital
SYCN,Silage
SYCN,Structure
SYCN,Vigabatrin/ethics
LINC01942,Diary
LINC01942,Beauveria/legislation
LINC01942,Interleukin-23
Gm43009,Silage
Gm43009,Modems/embryology
RNA5SP60,Picobirnavirus/pathology
RNA5SP60,Crotalaria
NEMF,Academies
NEMF,Word
Gm17032,Guanfacine
Gm17032,Intercalating
Gm17032,Children's
SNORD19B,Earache/ultrastructure
SNORD19B,Brugada
SNORD19B,Dryopteris/drug
Gm28725,Rilmenidine/agonists
4933438B17Rik,Steatorrhea/diagnosis
4933438B17Rik,Ecdysterone/classification
Gm19486,Flufenamic
Gm19486,Fenthion
miR-3689e,Superoxides
TCAP,Spiro/drug
TCAP,Helix-Loop-Helix
Gm37597,Trichoderma
Gm37597,Peptaibols/adverse
METTL7AP1,Rous
METTL7AP1,"Uveitis,/economics"
METTL7AP1,Mediterranea
LINC00385,Alkanesulfonates
Gm43523,Ginkgo
Gm43523,Biomphalaria/adverse
Gm43523,Sertraline
DNM1P51,Diphenylamine/etiology
DNM1P51,Glycoproteins
DNM1P51,Vigabatrin/ethics
USP12P3,Autogenic/ethics
USP12P3,Acute-Phase/methods
USP12P3,Sassafras/trends
RNU6-147P,Rheumatoid
RNU6-147P,Coumaphos/ethnology
RNU6-147P,Methylmalonic/pharmacokinetics
ZNF570,Bender-Gestalt
ZNF570,2019-nCoV/chemical
ZNF570,Peptidyl-Dipeptidase
PTPMT1,Dendrimers
PTPMT1,Monoacylglycerol
PTPMT1,"Bites,/administration"
LINC02550,"Electrocardiography,/economics"
LINC00313,Rahnella
LINC00313,Alkylation/injuries
SPIN2B,Aleurites
Gm15397,Antistatic/diagnostic
MKRN1,Adenomyoepithelioma/blood
MKRN1,Astacoidea
RNU1-133P,Gestalt/pharmacokinetics
CORO7-PAM16,Sertraline
CORO7-PAM16,Exocrine
CORO7-PAM16,HLA-A3/surgery
C3P1,Pregnadienetriols
C3P1,Epiphyses/ethnology
PRAMEF27,Seaweed
PRAMEF27,Digestion/epidemiology
RNA5SP291,Bence/antagonists
RNA5SP291,Activation
ATP11B,Convection
ATP11B,Alaska/radiation
ATP11B,Antistatic/diagnostic
MTND3P6,Cafe-au-Lait/economics
MTND3P6,Amycolatopsis/radiotherapy
MTND3P6,Cryoanesthesia
ANKRD65,Dourine
Magef1,"Helplessness,/administration"
Magef1,American/history
TNFRSF17,Hydroxyurea/diagnosis
TNFRSF17,Sitosterols/trends
C11orf52,Enterobactin/biosynthesis
Mif-ps1,Trinitrobenzenes/chemical
Mif-ps1,Cactaceae
Gm11915,Autophagy-Related/congenital
RNA5SP188,Peptococcus
Klk1b10-ps,Carfecillin
Klk1b10-ps,Seaweed
LONRF2P1,Wheelchairs
LONRF2P1,Bibliographies
LONRF2P1,Vibrissae/cerebrospinal
NPIPA3,Sesamoid/poisoning
RPS11P7,Antistatic/diagnostic
RPS11P7,Workflow
RNU6-484P,Paraplegia
RNU6-484P,"5,7-Dihydroxytryptamine/ultrastructure"
RNU6-484P,Chad/cerebrospinal
RNU4-70P,Pancoast
Scgb1b28-ps,Breech/methods
OR4A41P,Metagenome
OR4A41P,Agnosia
OR4A41P,Enhanced/methods
RPS3AP54,"Cholecystectomy,"
RPS3AP54,Aerosolized
TRBV5-5,Glycerides/therapeutic
TRBV5-5,Ferns/adverse
TIMM50,Bacteriology
RPS15AP16,Ochrobactrum
RPS15AP16,Vinorelbine/injuries
RPS15AP16,Contraceptive/embryology
RPS10P1,Pancoast
RNA18SP4,Vitelliform/deficiency
RNA18SP4,3-alpha-Hydroxysteroid
